{
  "losses": [
    0.6420587238413319,
    0.3276590554256721,
    0.18372958546242213,
    0.13824344337630662,
    0.11366003947543608
  ],
  "metrics": {
    "both": {
      "optimistic": {
        "adjusted_arithmetic_mean_rank": 0.07073298365836654,
        "adjusted_arithmetic_mean_rank_index": 0.9292821534862581,
        "adjusted_geometric_mean_rank_index": 0.997941241620487,
        "adjusted_hits_at_k": 0.38518925294690715,
        "adjusted_inverse_harmonic_mean_rank": 0.25010664352989675,
        "arithmetic_mean_rank": 4342.357888884313,
        "count": 242810.0,
        "geometric_mean_rank": 93.84793156020486,
        "harmonic_mean_rank": 3.997090918285272,
        "hits_at_1": 0.17583295580906882,
        "hits_at_10": 0.3852394876652527,
        "hits_at_3": 0.2950331534945019,
        "hits_at_5": 0.337980313825625,
        "inverse_arithmetic_mean_rank": 0.00023028963194393246,
        "inverse_geometric_mean_rank": 0.01065553585865113,
        "inverse_harmonic_mean_rank": 0.25018194993397697,
        "inverse_median_rank": 0.014925373134328358,
        "median_absolute_deviation": 97.85174642136973,
        "median_rank": 67.0,
        "standard_deviation": 12109.887642462376,
        "variance": 146649378.71306297,
        "z_arithmetic_mean_rank": 791.9162259805072,
        "z_geometric_mean_rank": 491.97813572811856,
        "z_hits_at_k": 20997.060616679584,
        "z_inverse_harmonic_mean_rank": 33625.900881878
      },
      "pessimistic": {
        "adjusted_arithmetic_mean_rank": 0.07073304463924522,
        "adjusted_arithmetic_mean_rank_index": 0.9292820925043861,
        "adjusted_geometric_mean_rank_index": 0.9979412395547408,
        "adjusted_hits_at_k": 0.38518925294690715,
        "adjusted_inverse_harmonic_mean_rank": 0.2501066259962593,
        "arithmetic_mean_rank": 4342.361632552202,
        "count": 242810.0,
        "geometric_mean_rank": 93.84802472327918,
        "harmonic_mean_rank": 3.9970911983874524,
        "hits_at_1": 0.17583295580906882,
        "hits_at_10": 0.3852394876652527,
        "hits_at_3": 0.2950331534945019,
        "hits_at_5": 0.337980313825625,
        "inverse_arithmetic_mean_rank": 0.0002302894334049868,
        "inverse_geometric_mean_rank": 0.010655525280884768,
        "inverse_harmonic_mean_rank": 0.25018193240210035,
        "inverse_median_rank": 0.014925373134328358,
        "median_absolute_deviation": 97.85174642136973,
        "median_rank": 67.0,
        "standard_deviation": 12109.896491079191,
        "variance": 146649593.0246521,
        "z_arithmetic_mean_rank": 791.9161740129387,
        "z_geometric_mean_rank": 491.97813470971994,
        "z_hits_at_k": 20997.060616679584,
        "z_inverse_harmonic_mean_rank": 33625.898524546166
      },
      "realistic": {
        "adjusted_arithmetic_mean_rank": 0.07073302377311075,
        "adjusted_arithmetic_mean_rank_index": 0.9292821133708604,
        "adjusted_geometric_mean_rank_index": 0.9979412409582643,
        "adjusted_hits_at_k": 0.38518925294690715,
        "adjusted_inverse_harmonic_mean_rank": 0.2501066291871239,
        "arithmetic_mean_rank": 4342.3603515625,
        "count": 242810.0,
        "geometric_mean_rank": 93.84796142578125,
        "harmonic_mean_rank": 3.997091147412966,
        "hits_at_1": 0.17583295580906882,
        "hits_at_10": 0.3852394876652527,
        "hits_at_3": 0.2950331534945019,
        "hits_at_5": 0.337980313825625,
        "inverse_arithmetic_mean_rank": 0.00023028950090520084,
        "inverse_geometric_mean_rank": 0.010655532591044903,
        "inverse_harmonic_mean_rank": 0.25018193559264446,
        "inverse_median_rank": 0.014925372786819935,
        "median_absolute_deviation": 97.85174642136973,
        "median_rank": 67.0,
        "standard_deviation": 12109.892578125,
        "variance": 146649488.0,
        "z_arithmetic_mean_rank": 791.9161917949434,
        "z_geometric_mean_rank": 491.97813540164736,
        "z_hits_at_k": 20997.060616679584,
        "z_inverse_harmonic_mean_rank": 33625.89895354594
      }
    },
    "head": {
      "optimistic": {
        "adjusted_arithmetic_mean_rank": 0.13343955048441203,
        "adjusted_arithmetic_mean_rank_index": 0.866575147657584,
        "adjusted_geometric_mean_rank_index": 0.9708953562054653,
        "adjusted_hits_at_k": 0.0816153748971946,
        "adjusted_inverse_harmonic_mean_rank": 0.050603339226914665,
        "arithmetic_mean_rank": 7867.348008731106,
        "count": 121405.0,
        "geometric_mean_rank": 1261.5758960628878,
        "harmonic_mean_rank": 19.722977859908447,
        "hits_at_1": 0.03408426341583955,
        "hits_at_10": 0.08169350520983484,
        "hits_at_3": 0.05531897368312672,
        "hits_at_5": 0.06585395988633087,
        "inverse_arithmetic_mean_rank": 0.00012710763511290078,
        "inverse_geometric_mean_rank": 0.0007926594056852141,
        "inverse_harmonic_mean_rank": 0.05070228274365877,
        "inverse_median_rank": 0.0003604902667627974,
        "median_absolute_deviation": 4046.021454301788,
        "median_rank": 2774.0,
        "standard_deviation": 15073.2430316968,
        "variance": 227202655.49259615,
        "z_arithmetic_mean_rank": 522.1452986578755,
        "z_geometric_mean_rank": 338.4086737276837,
        "z_hits_at_k": 3083.0060049765407,
        "z_inverse_harmonic_mean_rank": 4714.662859305905
      },
      "pessimistic": {
        "adjusted_arithmetic_mean_rank": 0.13343965889741066,
        "adjusted_arithmetic_mean_rank_index": 0.8665750392427466,
        "adjusted_geometric_mean_rank_index": 0.9708953269193754,
        "adjusted_hits_at_k": 0.0816153748971946,
        "adjusted_inverse_harmonic_mean_rank": 0.05060333389788528,
        "arithmetic_mean_rank": 7867.354400560109,
        "count": 121405.0,
        "geometric_mean_rank": 1261.5771644975512,
        "harmonic_mean_rank": 19.72297993266297,
        "hits_at_1": 0.03408426341583955,
        "hits_at_10": 0.08169350520983484,
        "hits_at_3": 0.05531897368312672,
        "hits_at_5": 0.06585395988633087,
        "inverse_arithmetic_mean_rank": 0.0001271075318443524,
        "inverse_geometric_mean_rank": 0.0007926586087171849,
        "inverse_harmonic_mean_rank": 0.050702277415184765,
        "inverse_median_rank": 0.0003604902667627974,
        "median_absolute_deviation": 4046.021454301788,
        "median_rank": 2774.0,
        "standard_deviation": 15073.253902279454,
        "variance": 227202983.20258278,
        "z_arithmetic_mean_rank": 522.1452333337108,
        "z_geometric_mean_rank": 338.40866351992366,
        "z_hits_at_k": 3083.0060049765407,
        "z_inverse_harmonic_mean_rank": 4714.66236280553
      },
      "realistic": {
        "adjusted_arithmetic_mean_rank": 0.1334396024787172,
        "adjusted_arithmetic_mean_rank_index": 0.866575095662397,
        "adjusted_geometric_mean_rank_index": 0.9708953357453898,
        "adjusted_hits_at_k": 0.0816153748971946,
        "adjusted_inverse_harmonic_mean_rank": 0.05060334009759234,
        "arithmetic_mean_rank": 7867.35107421875,
        "count": 121405.0,
        "geometric_mean_rank": 1261.5767822265625,
        "harmonic_mean_rank": 19.722977521253743,
        "hits_at_1": 0.03408426341583955,
        "hits_at_10": 0.08169350520983484,
        "hits_at_3": 0.05531897368312672,
        "hits_at_5": 0.06585395988633087,
        "inverse_arithmetic_mean_rank": 0.00012710758892353624,
        "inverse_geometric_mean_rank": 0.0007926588295958936,
        "inverse_harmonic_mean_rank": 0.050702283614245704,
        "inverse_median_rank": 0.00036049025948159397,
        "median_absolute_deviation": 4046.021454301788,
        "median_rank": 2774.0,
        "standard_deviation": 15073.248046875,
        "variance": 227202800.0,
        "z_arithmetic_mean_rank": 522.145267328749,
        "z_geometric_mean_rank": 338.4086665962591,
        "z_hits_at_k": 3083.0060049765407,